Manifest Line ID,Franchise Series,Character,Super Hero ID,Height (decimeters),Weight (hectograms),Birth Year,Abilities,Stats,Date and Time Updated,Workfront GUID
1,Pokemon,Bulbasaur,,,,,,,,
2,Marvel Comics,Ant Man,30,,,,,,,
3,DC Comics,Batgirl,63,,,,,,,
4,Pokemon,Squirtle,,,,,,,,
5,Pokemon,Charizard,,,,,,,,
6,Pokemon,Charmander,,,,,,,,
7,DC Comics,Captain Marvel,156,,,,,,,
8,Marvel Comics,Deadpool,213,,,,,,,
9,Disney,Elastigirl,236,,,,,,,
10,Commercials,Kool-Aid Man,393,,,,,,,
11,Pokemon,Pikachu,,,,,,,,
12,Pokemon,Meowth,,,,,,,,
13,X-Men,Professor X,527,,,,,,,
14,Marvel Comics,Iron Man,346,,,,,,,
15,Marvel Comics,Hulk,332,,,,,,,
16,Pokemon,Magnemite,,,,,,,,
17,Marvel Comics,Hawkeye,313,,,,,,,
18,Pokemon,Piloswine,,,,,,,,
19,Pokemon,Dragonite,,,,,,,,
20,Marvel Comics,Nick Fury,489,,,,,,,