Queue Topic ID,Queue Topic,Template ID,Template,Some Number,Some date
a010075d8411a66be0539260720af944,Email Campaign Requests,a010075d1cbca66be0539260720af944,Web_Landing Page_Email_Banner Sample Template (Digital),2,01/01/1974
a010075d8419a66be0539260720af944,Social Media Requests,a010075d1cb2a66be0539260720af944,Social Blog Post Template (Digital),3,01/02/1974
a010075d8416a66be0539260720af944,Video Requests,a010075d1cb8a66be0539260720af944,Video Sample Template (Digital),2,01/03/1974
a010075d83eba66be0539260720af944,Web Page/Banner Development,a010075d1cbca66be0539260720af944,Web_Landing Page_Email_Banner Sample Template (Digital),3,01/04/1974
a010075d83bca66be0539260720af944,Direct Mail Pieces,a010075d1cb6a66be0539260720af944,Direct Mail/Print Brochure/Ad Sample Template (Print),2,01/05/1974
a010075d842aa66be0539260720af944,Print Requests,a010075d1cb6a66be0539260720af944,Direct Mail/Print Brochure/Ad Sample Template (Print),2,01/06/1974
a010075d83b9a66be0539260720af944,Tangible Catalog,a010075d1cc4a66be0539260720af944,Quarterly Catalog Template,2,01/07/1974